company,to,subject,text,segment,fit_score,city,website,phone_public,source_url
Arslan-Meisterbetrieb Heizung & Sanitär,info@arslan-meisterbetrieb.de,Kurze Frage zu Tourenplanung im SHK / Heizungs- und Sanitärservice,"Hallo liebes Arslan-Meisterbetrieb Heizung & Sanitär-Team,

ich baue mit AutomateX gerade eine kleine Lösung für Service- und Handwerksbetriebe, die Tagesrouten nach Absagen, neuen Terminen oder Stau automatisch neu sortiert.

Ich suche aktuell kein langes Verkaufsgespräch, sondern 15 Minuten ehrliches Feedback von Betrieben, die regelmäßig Kundendienst- oder Servicetermine koordinieren.

Zwei Fragen wären für mich besonders spannend:
1. Wie plant ihr aktuell eure Tagesrouten?
2. Was passiert bei euch, wenn morgens oder unterwegs ein Termin wegfällt?

Einen kurzen Einblick mit echten Produktansichten findet ihr hier:
https://www.automate-x-solutions.de/

Falls das bei euch nicht passt, reicht ein kurzes ""nein"" völlig.

Viele Grüße
Frederik
AutomateX Solutions
",SHK / Heizungs- und Sanitärservice,100,Wuppertal,https://www.arslan-meisterbetrieb.de/,+49 176 61927725,https://www.openstreetmap.org/node/13361808672
Auweiler Sanitär und Heizung,info@auweiler-sanitaer.de,Kurze Frage zu Tourenplanung im SHK / Heizungs- und Sanitärservice,"Hallo liebes Auweiler Sanitär und Heizung-Team,

ich baue mit AutomateX gerade eine kleine Lösung für Service- und Handwerksbetriebe, die Tagesrouten nach Absagen, neuen Terminen oder Stau automatisch neu sortiert.

Ich suche aktuell kein langes Verkaufsgespräch, sondern 15 Minuten ehrliches Feedback von Betrieben, die regelmäßig Kundendienst- oder Servicetermine koordinieren.

Zwei Fragen wären für mich besonders spannend:
1. Wie plant ihr aktuell eure Tagesrouten?
2. Was passiert bei euch, wenn morgens oder unterwegs ein Termin wegfällt?

Einen kurzen Einblick mit echten Produktansichten findet ihr hier:
https://www.automate-x-solutions.de/

Falls das bei euch nicht passt, reicht ein kurzes ""nein"" völlig.

Viele Grüße
Frederik
AutomateX Solutions
",SHK / Heizungs- und Sanitärservice,100,Köln,https://auweiler-sanitaer.de/,+49 221 555412,https://www.openstreetmap.org/node/4568627824
Franz Peters Jr. - Sanitär & Heizung,info@franz-peters.de,Kurze Frage zu Tourenplanung im SHK / Heizungs- und Sanitärservice,"Hallo liebes Franz Peters Jr. - Sanitär & Heizung-Team,

ich baue mit AutomateX gerade eine kleine Lösung für Service- und Handwerksbetriebe, die Tagesrouten nach Absagen, neuen Terminen oder Stau automatisch neu sortiert.

Ich suche aktuell kein langes Verkaufsgespräch, sondern 15 Minuten ehrliches Feedback von Betrieben, die regelmäßig Kundendienst- oder Servicetermine koordinieren.

Zwei Fragen wären für mich besonders spannend:
1. Wie plant ihr aktuell eure Tagesrouten?
2. Was passiert bei euch, wenn morgens oder unterwegs ein Termin wegfällt?

Einen kurzen Einblick mit echten Produktansichten findet ihr hier:
https://www.automate-x-solutions.de/

Falls das bei euch nicht passt, reicht ein kurzes ""nein"" völlig.

Viele Grüße
Frederik
AutomateX Solutions
",SHK / Heizungs- und Sanitärservice,100,Köln,https://www.franz-peters.de/,+49 160 3865603,https://www.openstreetmap.org/node/3660141063
Jost Gebäudetechnik GmbH,info@jost-gebaeudetechnik.de,Kurze Frage zu Tourenplanung im Gebäudetechnik / Wartung,"Hallo liebes Jost Gebäudetechnik GmbH-Team,

ich baue mit AutomateX gerade eine kleine Lösung für Service- und Handwerksbetriebe, die Tagesrouten nach Absagen, neuen Terminen oder Stau automatisch neu sortiert.

Ich suche aktuell kein langes Verkaufsgespräch, sondern 15 Minuten ehrliches Feedback von Betrieben, die regelmäßig Kundendienst- oder Servicetermine koordinieren.

Zwei Fragen wären für mich besonders spannend:
1. Wie plant ihr aktuell eure Tagesrouten?
2. Was passiert bei euch, wenn morgens oder unterwegs ein Termin wegfällt?

Einen kurzen Einblick mit echten Produktansichten findet ihr hier:
https://www.automate-x-solutions.de/

Falls das bei euch nicht passt, reicht ein kurzes ""nein"" völlig.

Viele Grüße
Frederik
AutomateX Solutions
",Gebäudetechnik / Wartung,100,Essen,https://www.jost-gebaeudetechnik.de/,+49 201 81503777,https://www.openstreetmap.org/node/11308556171
Kolzem Heizung- Sanitär GmbH,info@kolzem.de,Kurze Frage zu Tourenplanung im SHK / Heizungs- und Sanitärservice,"Hallo liebes Kolzem Heizung- Sanitär GmbH-Team,

ich baue mit AutomateX gerade eine kleine Lösung für Service- und Handwerksbetriebe, die Tagesrouten nach Absagen, neuen Terminen oder Stau automatisch neu sortiert.

Ich suche aktuell kein langes Verkaufsgespräch, sondern 15 Minuten ehrliches Feedback von Betrieben, die regelmäßig Kundendienst- oder Servicetermine koordinieren.

Zwei Fragen wären für mich besonders spannend:
1. Wie plant ihr aktuell eure Tagesrouten?
2. Was passiert bei euch, wenn morgens oder unterwegs ein Termin wegfällt?

Einen kurzen Einblick mit echten Produktansichten findet ihr hier:
https://www.automate-x-solutions.de/

Falls das bei euch nicht passt, reicht ein kurzes ""nein"" völlig.

Viele Grüße
Frederik
AutomateX Solutions
",SHK / Heizungs- und Sanitärservice,100,Bonn,http://www.kolzemgmbh.de,+49228216202,https://www.openstreetmap.org/node/2911414904
Nessmann Gebäudetechnik GmbH & Co.KG,info@nessmann.de,Kurze Frage zu Tourenplanung im SHK / Heizungs- und Sanitärservice,"Hallo liebes Nessmann Gebäudetechnik GmbH & Co.KG-Team,

ich baue mit AutomateX gerade eine kleine Lösung für Service- und Handwerksbetriebe, die Tagesrouten nach Absagen, neuen Terminen oder Stau automatisch neu sortiert.

Ich suche aktuell kein langes Verkaufsgespräch, sondern 15 Minuten ehrliches Feedback von Betrieben, die regelmäßig Kundendienst- oder Servicetermine koordinieren.

Zwei Fragen wären für mich besonders spannend:
1. Wie plant ihr aktuell eure Tagesrouten?
2. Was passiert bei euch, wenn morgens oder unterwegs ein Termin wegfällt?

Einen kurzen Einblick mit echten Produktansichten findet ihr hier:
https://www.automate-x-solutions.de/

Falls das bei euch nicht passt, reicht ein kurzes ""nein"" völlig.

Viele Grüße
Frederik
AutomateX Solutions
",SHK / Heizungs- und Sanitärservice,100,Düsseldorf,https://nessmann.de/,+49 211 996080,https://www.openstreetmap.org/node/1355210595
